{"cameraMode":{"drawMode":0,"name":"Shaded","section":"Shading Mode"},"sceneLighting":true,"audioPlay":false,"sceneViewState":{"showFog":true,"showMaterialUpdate":false,"showSkybox":true,"showFlares":true,"showImageEffects":true,"showParticleSystems":true},"in2DMode":false,"pivot":{"x":6.744946002960205,"y":1.2726311683654786,"z":4.999324321746826},"rotation":{"x":-0.04622156172990799,"y":0.766557514667511,"z":-0.0555267259478569,"w":-0.6380987167358398},"size":3.223789691925049,"orthographic":false}