{"cameraMode":{"drawMode":0,"name":"Shaded","section":"Shading Mode"},"sceneLighting":true,"audioPlay":false,"sceneViewState":{"showFog":true,"showMaterialUpdate":false,"showSkybox":true,"showFlares":true,"showImageEffects":true,"showParticleSystems":true},"in2DMode":false,"pivot":{"x":0.18929393589496613,"y":0.8204554319381714,"z":0.15959987044334413},"rotation":{"x":0.08764254301786423,"y":0.6022982597351074,"z":-0.06676281243562699,"w":0.790642261505127},"size":1.9484137296676636,"orthographic":true}