{"cameraMode":{"drawMode":0,"name":"Shaded","section":"Shading Mode"},"sceneLighting":true,"audioPlay":false,"sceneViewState":{"showFog":true,"showMaterialUpdate":false,"showSkybox":true,"showFlares":true,"showImageEffects":true,"showParticleSystems":true},"in2DMode":false,"pivot":{"x":5.215803146362305,"y":-0.24518203735351563,"z":13.255995750427246},"rotation":{"x":-0.2215949296951294,"y":0.6836293339729309,"z":-0.23096388578414918,"w":-0.6558987498283386},"size":22.0,"orthographic":false}